model_a,model_b,a_acc,b_acc,delta_acc,n,n10,n01,statistic,p_value
bert-DecisionTree,bert-KNeighbors,0.556060606060606,0.6409090909090909,-0.08484848484848484,660,88,144,88.0,0.00028688163945112487
bert-DecisionTree,bert-LightGBM,0.556060606060606,0.6818181818181818,-0.12575757575757573,660,68,151,68.0,2.0575233777983442e-08
bert-DecisionTree,bert-LogisticRegression,0.556060606060606,0.7257575757575757,-0.16969696969696968,660,74,186,74.0,2.6770763465262466e-12
bert-DecisionTree,bert-RandomForest,0.556060606060606,0.7075757575757575,-0.1515151515151515,660,67,167,67.0,4.938668140696229e-11
bert-DecisionTree,bert-SVC,0.556060606060606,0.7151515151515152,-0.15909090909090917,660,72,177,72.0,2.219278283181231e-11
bert-DecisionTree,bert-XGBoost,0.556060606060606,0.7151515151515152,-0.15909090909090917,660,68,173,68.0,9.86653995326759e-12
bert-DecisionTree,bert_llm-LogisticRegression,0.556060606060606,0.7636363636363637,-0.20757575757575764,660,48,185,48.0,3.685627496572293e-20
bert-DecisionTree,bert_llm-RandomForest,0.556060606060606,0.7212121212121212,-0.16515151515151516,660,65,174,65.0,1.143920213808124e-12
bert-DecisionTree,bert_llm-SVC,0.556060606060606,0.740909090909091,-0.18484848484848493,660,63,185,63.0,4.226012129708929e-15
bert-DecisionTree,bert_meta-LogisticRegression,0.556060606060606,0.759090909090909,-0.203030303030303,660,68,202,68.0,1.323529221443502e-16
bert-DecisionTree,bert_meta-RandomForest,0.556060606060606,0.7515151515151515,-0.19545454545454544,660,45,174,45.0,4.3021567891962207e-19
bert-DecisionTree,bert_meta-SVC,0.556060606060606,0.7348484848484849,-0.17878787878787883,660,81,199,81.0,1.2598593589333865e-12
bert-DecisionTree,bert_num-LogisticRegression,0.556060606060606,0.7424242424242424,-0.1863636363636364,660,60,183,60.0,1.1952098539147447e-15
bert-DecisionTree,bert_num-RandomForest,0.556060606060606,0.7545454545454545,-0.1984848484848485,660,57,188,57.0,1.5912368178114095e-17
bert-DecisionTree,bert_num-SVC,0.556060606060606,0.75,-0.19393939393939397,660,68,196,68.0,1.4794180173529946e-15
bert-DecisionTree,tfidf-DecisionTree,0.556060606060606,0.5681818181818182,-0.0121212121212122,660,155,163,155.0,0.6947235158086009
bert-DecisionTree,tfidf-GradientBoosting,0.556060606060606,0.5878787878787879,-0.03181818181818186,660,151,172,151.0,0.26575259405248153
bert-DecisionTree,tfidf-KNeighbors,0.556060606060606,0.5484848484848485,0.007575757575757569,660,180,175,175.0,0.831911870836365
bert-DecisionTree,tfidf-LightGBM,0.556060606060606,0.5636363636363636,-0.007575757575757569,660,166,171,166.0,0.8275519600013485
bert-DecisionTree,tfidf-LogisticRegression,0.556060606060606,0.6045454545454545,-0.048484848484848464,660,145,177,145.0,0.08390736553959426
bert-DecisionTree,tfidf-MultinomialNB,0.556060606060606,0.5984848484848485,-0.042424242424242475,660,150,178,150.0,0.13588577686901976
bert-DecisionTree,tfidf-RandomForest,0.556060606060606,0.5909090909090909,-0.034848484848484906,660,154,177,154.0,0.2265210511478113
bert-DecisionTree,tfidf-SVC,0.556060606060606,0.5803030303030303,-0.024242424242424288,660,137,153,137.0,0.3784410307775852
bert-DecisionTree,tfidf-XGBoost,0.556060606060606,0.5727272727272728,-0.01666666666666672,660,160,171,160.0,0.5826263292692676
bert-KNeighbors,bert-LightGBM,0.6409090909090909,0.6818181818181818,-0.040909090909090895,660,73,100,73.0,0.047756447681289727
bert-KNeighbors,bert-LogisticRegression,0.6409090909090909,0.7257575757575757,-0.08484848484848484,660,53,109,53.0,1.2874323447942747e-05
bert-KNeighbors,bert-RandomForest,0.6409090909090909,0.7075757575757575,-0.06666666666666665,660,45,89,45.0,0.00018013760354172793
bert-KNeighbors,bert-SVC,0.6409090909090909,0.7151515151515152,-0.07424242424242433,660,52,101,52.0,9.176460450517652e-05
bert-KNeighbors,bert-XGBoost,0.6409090909090909,0.7151515151515152,-0.07424242424242433,660,71,120,71.0,0.0004824523038258789
bert-KNeighbors,bert_llm-LogisticRegression,0.6409090909090909,0.7636363636363637,-0.1227272727272728,660,43,124,43.0,2.6714396498593266e-10
bert-KNeighbors,bert_llm-RandomForest,0.6409090909090909,0.7212121212121212,-0.08030303030303032,660,41,94,41.0,5.868552512697582e-06
bert-KNeighbors,bert_llm-SVC,0.6409090909090909,0.740909090909091,-0.10000000000000009,660,47,113,47.0,1.8769115180394497e-07
bert-KNeighbors,bert_meta-LogisticRegression,0.6409090909090909,0.759090909090909,-0.11818181818181817,660,71,149,71.0,1.5647063888289543e-07
bert-KNeighbors,bert_meta-RandomForest,0.6409090909090909,0.7515151515151515,-0.1106060606060606,660,33,106,33.0,3.979392264405063e-10
bert-KNeighbors,bert_meta-SVC,0.6409090909090909,0.7348484848484849,-0.09393939393939399,660,86,148,86.0,6.087468863169586e-05
bert-KNeighbors,bert_num-LogisticRegression,0.6409090909090909,0.7424242424242424,-0.10151515151515156,660,39,106,39.0,2.403002231061222e-08
bert-KNeighbors,bert_num-RandomForest,0.6409090909090909,0.7545454545454545,-0.11363636363636365,660,37,112,37.0,5.794051283240926e-10
bert-KNeighbors,bert_num-SVC,0.6409090909090909,0.75,-0.10909090909090913,660,64,136,64.0,3.9044677799164197e-07
bert-KNeighbors,tfidf-DecisionTree,0.6409090909090909,0.5681818181818182,0.07272727272727264,660,177,129,129.0,0.007115299119081968
bert-KNeighbors,tfidf-GradientBoosting,0.6409090909090909,0.5878787878787879,0.05303030303030298,660,157,122,122.0,0.0416053575561135
bert-KNeighbors,tfidf-KNeighbors,0.6409090909090909,0.5484848484848485,0.09242424242424241,660,206,145,145.0,0.0013288485987766204
bert-KNeighbors,tfidf-LightGBM,0.6409090909090909,0.5636363636363636,0.07727272727272727,660,206,155,155.0,0.008408713219954515
bert-KNeighbors,tfidf-LogisticRegression,0.6409090909090909,0.6045454545454545,0.036363636363636376,660,154,130,130.0,0.17220795051737062
bert-KNeighbors,tfidf-MultinomialNB,0.6409090909090909,0.5984848484848485,0.042424242424242364,660,166,138,138.0,0.12134572375746401
bert-KNeighbors,tfidf-RandomForest,0.6409090909090909,0.5909090909090909,0.04999999999999993,660,168,135,135.0,0.06583312646943151
bert-KNeighbors,tfidf-SVC,0.6409090909090909,0.5803030303030303,0.06060606060606055,660,158,118,118.0,0.018735990760254954
bert-KNeighbors,tfidf-XGBoost,0.6409090909090909,0.5727272727272728,0.06818181818181812,660,187,142,142.0,0.015148141332405793
bert-LightGBM,bert-LogisticRegression,0.6818181818181818,0.7257575757575757,-0.043939393939393945,660,44,73,44.0,0.009340760589436569
bert-LightGBM,bert-RandomForest,0.6818181818181818,0.7075757575757575,-0.025757575757575757,660,46,63,46.0,0.12500454132583336
bert-LightGBM,bert-SVC,0.6818181818181818,0.7151515151515152,-0.03333333333333344,660,46,68,46.0,0.048724686398681806
bert-LightGBM,bert-XGBoost,0.6818181818181818,0.7151515151515152,-0.03333333333333344,660,35,57,35.0,0.02801690195894671
bert-LightGBM,bert_llm-LogisticRegression,0.6818181818181818,0.7636363636363637,-0.0818181818181819,660,35,89,35.0,1.3391625040993677e-06
bert-LightGBM,bert_llm-RandomForest,0.6818181818181818,0.7212121212121212,-0.039393939393939426,660,40,66,40.0,0.01477941051703841
bert-LightGBM,bert_llm-SVC,0.6818181818181818,0.740909090909091,-0.059090909090909194,660,42,81,42.0,0.0005560923592546726
bert-LightGBM,bert_meta-LogisticRegression,0.6818181818181818,0.759090909090909,-0.07727272727272727,660,59,110,59.0,0.0001074260916838658
bert-LightGBM,bert_meta-RandomForest,0.6818181818181818,0.7515151515151515,-0.0696969696969697,660,34,80,34.0,1.9596368034800084e-05
bert-LightGBM,bert_meta-SVC,0.6818181818181818,0.7348484848484849,-0.053030303030303094,660,80,115,80.0,0.014688427213765173
bert-LightGBM,bert_num-LogisticRegression,0.6818181818181818,0.7424242424242424,-0.06060606060606066,660,51,91,51.0,0.0009948396502908413
bert-LightGBM,bert_num-RandomForest,0.6818181818181818,0.7545454545454545,-0.07272727272727275,660,34,82,34.0,9.685884063140466e-06
bert-LightGBM,bert_num-SVC,0.6818181818181818,0.75,-0.06818181818181823,660,61,106,61.0,0.0006186947801814256
bert-LightGBM,tfidf-DecisionTree,0.6818181818181818,0.5681818181818182,0.11363636363636354,660,176,101,101.0,7.748910264239206e-06
bert-LightGBM,tfidf-GradientBoosting,0.6818181818181818,0.5878787878787879,0.09393939393939388,660,159,97,97.0,0.00012832478503972246
bert-LightGBM,tfidf-KNeighbors,0.6818181818181818,0.5484848484848485,0.1333333333333333,660,193,105,105.0,3.869487699206979e-07
bert-LightGBM,tfidf-LightGBM,0.6818181818181818,0.5636363636363636,0.11818181818181817,660,194,116,116.0,1.1071899227001324e-05
bert-LightGBM,tfidf-LogisticRegression,0.6818181818181818,0.6045454545454545,0.07727272727272727,660,138,87,87.0,0.000819738411786253
bert-LightGBM,tfidf-MultinomialNB,0.6818181818181818,0.5984848484848485,0.08333333333333326,660,155,100,100.0,0.0006904769079952438
bert-LightGBM,tfidf-RandomForest,0.6818181818181818,0.5909090909090909,0.09090909090909083,660,163,103,103.0,0.00028181321798641
bert-LightGBM,tfidf-SVC,0.6818181818181818,0.5803030303030303,0.10151515151515145,660,161,94,94.0,3.247952843546111e-05
bert-LightGBM,tfidf-XGBoost,0.6818181818181818,0.5727272727272728,0.10909090909090902,660,180,108,108.0,2.6206971489420284e-05
bert-LogisticRegression,bert-RandomForest,0.7257575757575757,0.7075757575757575,0.018181818181818188,660,44,32,32.0,0.20673684180839247
bert-LogisticRegression,bert-SVC,0.7257575757575757,0.7151515151515152,0.010606060606060508,660,19,12,12.0,0.28104151505976915
bert-LogisticRegression,bert-XGBoost,0.7257575757575757,0.7151515151515152,0.010606060606060508,660,52,45,45.0,0.5426101580458745
bert-LogisticRegression,bert_llm-LogisticRegression,0.7257575757575757,0.7636363636363637,-0.037878787878787956,660,38,63,38.0,0.0165058557016076
bert-LogisticRegression,bert_llm-RandomForest,0.7257575757575757,0.7212121212121212,0.004545454545454519,660,40,37,37.0,0.8198929037490488
bert-LogisticRegression,bert_llm-SVC,0.7257575757575757,0.740909090909091,-0.015151515151515249,660,37,47,37.0,0.3261341711919829
bert-LogisticRegression,bert_meta-LogisticRegression,0.7257575757575757,0.759090909090909,-0.033333333333333326,660,67,89,67.0,0.09237684581860021
bert-LogisticRegression,bert_meta-RandomForest,0.7257575757575757,0.7515151515151515,-0.025757575757575757,660,41,58,41.0,0.10735158653318885
bert-LogisticRegression,bert_meta-SVC,0.7257575757575757,0.7348484848484849,-0.00909090909090915,660,76,82,76.0,0.6909249767024592
bert-LogisticRegression,bert_num-LogisticRegression,0.7257575757575757,0.7424242424242424,-0.01666666666666672,660,50,61,50.0,0.3425805825718985
bert-LogisticRegression,bert_num-RandomForest,0.7257575757575757,0.7545454545454545,-0.028787878787878807,660,38,57,38.0,0.064212806627131
bert-LogisticRegression,bert_num-SVC,0.7257575757575757,0.75,-0.024242424242424288,660,59,75,59.0,0.19485665950707523
bert-LogisticRegression,tfidf-DecisionTree,0.7257575757575757,0.5681818181818182,0.15757575757575748,660,193,89,89.0,5.526713405022721e-10
bert-LogisticRegression,tfidf-GradientBoosting,0.7257575757575757,0.5878787878787879,0.13787878787878782,660,172,81,81.0,1.0722699100477494e-08
bert-LogisticRegression,tfidf-KNeighbors,0.7257575757575757,0.5484848484848485,0.17727272727272725,660,206,89,89.0,7.698100092084384e-12
bert-LogisticRegression,tfidf-LightGBM,0.7257575757575757,0.5636363636363636,0.1621212121212121,660,201,94,94.0,4.391249799388898e-10
bert-LogisticRegression,tfidf-LogisticRegression,0.7257575757575757,0.6045454545454545,0.12121212121212122,660,145,65,65.0,3.4469348564653915e-08
bert-LogisticRegression,tfidf-MultinomialNB,0.7257575757575757,0.5984848484848485,0.1272727272727272,660,169,85,85.0,1.485580967853881e-07
bert-LogisticRegression,tfidf-RandomForest,0.7257575757575757,0.5909090909090909,0.13484848484848477,660,169,80,80.0,1.7438798768849358e-08
bert-LogisticRegression,tfidf-SVC,0.7257575757575757,0.5803030303030303,0.1454545454545454,660,150,54,54.0,1.2085707212774298e-11
bert-LogisticRegression,tfidf-XGBoost,0.7257575757575757,0.5727272727272728,0.15303030303030296,660,186,85,85.0,7.987647302354382e-10
bert-RandomForest,bert-SVC,0.7075757575757575,0.7151515151515152,-0.00757575757575768,660,31,36,31.0,0.6254068289416483
bert-RandomForest,bert-XGBoost,0.7075757575757575,0.7151515151515152,-0.00757575757575768,660,40,45,40.0,0.6646454904132149
bert-RandomForest,bert_llm-LogisticRegression,0.7075757575757575,0.7636363636363637,-0.056060606060606144,660,30,67,30.0,0.00021890976301036633
bert-RandomForest,bert_llm-RandomForest,0.7075757575757575,0.7212121212121212,-0.013636363636363669,660,12,21,12.0,0.16275565745308995
bert-RandomForest,bert_llm-SVC,0.7075757575757575,0.740909090909091,-0.03333333333333344,660,30,52,30.0,0.0198269158458416
bert-RandomForest,bert_meta-LogisticRegression,0.7075757575757575,0.759090909090909,-0.051515151515151514,660,61,95,61.0,0.008032780505172102
bert-RandomForest,bert_meta-RandomForest,0.7075757575757575,0.7515151515151515,-0.043939393939393945,660,15,44,15.0,0.00020372185740785698
bert-RandomForest,bert_meta-SVC,0.7075757575757575,0.7348484848484849,-0.027272727272727337,660,81,99,81.0,0.20499173682591776
bert-RandomForest,bert_num-LogisticRegression,0.7075757575757575,0.7424242424242424,-0.034848484848484906,660,51,74,51.0,0.04866218514586794
bert-RandomForest,bert_num-RandomForest,0.7075757575757575,0.7545454545454545,-0.046969696969696995,660,20,51,20.0,0.000303163413558493
bert-RandomForest,bert_num-SVC,0.7075757575757575,0.75,-0.042424242424242475,660,56,84,56.0,0.02215495598055953
bert-RandomForest,tfidf-DecisionTree,0.7075757575757575,0.5681818181818182,0.1393939393939393,660,188,96,96.0,5.1451671710902405e-08
bert-RandomForest,tfidf-GradientBoosting,0.7075757575757575,0.5878787878787879,0.11969696969696964,660,169,90,90.0,1.0450429246953884e-06
bert-RandomForest,tfidf-KNeighbors,0.7075757575757575,0.5484848484848485,0.15909090909090906,660,202,97,97.0,1.2307718747418928e-09
bert-RandomForest,tfidf-LightGBM,0.7075757575757575,0.5636363636363636,0.14393939393939392,660,199,104,104.0,5.223961770312996e-08
bert-RandomForest,tfidf-LogisticRegression,0.7075757575757575,0.6045454545454545,0.10303030303030303,660,143,75,75.0,4.807536069149132e-06
bert-RandomForest,tfidf-MultinomialNB,0.7075757575757575,0.5984848484848485,0.10909090909090902,660,162,90,90.0,6.746695992767936e-06
bert-RandomForest,tfidf-RandomForest,0.7075757575757575,0.5909090909090909,0.11666666666666659,660,167,90,90.0,1.7983873336145558e-06
bert-RandomForest,tfidf-SVC,0.7075757575757575,0.5803030303030303,0.1272727272727272,660,153,69,69.0,1.7322873848614187e-08
bert-RandomForest,tfidf-XGBoost,0.7075757575757575,0.5727272727272728,0.13484848484848477,660,186,97,97.0,1.3409486333913303e-07
bert-SVC,bert-XGBoost,0.7151515151515152,0.7151515151515152,0.0,660,42,42,42.0,1.0
bert-SVC,bert_llm-LogisticRegression,0.7151515151515152,0.7636363636363637,-0.048484848484848464,660,29,61,29.0,0.000972760707951367
bert-SVC,bert_llm-RandomForest,0.7151515151515152,0.7212121212121212,-0.006060606060605989,660,33,37,33.0,0.7202027723528612
bert-SVC,bert_llm-SVC,0.7151515151515152,0.740909090909091,-0.025757575757575757,660,30,47,30.0,0.06754925145902677
bert-SVC,bert_meta-LogisticRegression,0.7151515151515152,0.759090909090909,-0.043939393939393834,660,60,89,60.0,0.021483350777722253
bert-SVC,bert_meta-RandomForest,0.7151515151515152,0.7515151515151515,-0.036363636363636265,660,32,56,32.0,0.013750385738502912
bert-SVC,bert_meta-SVC,0.7151515151515152,0.7348484848484849,-0.019696969696969657,660,72,85,72.0,0.3382353307950119
bert-SVC,bert_num-LogisticRegression,0.7151515151515152,0.7424242424242424,-0.027272727272727226,660,44,62,44.0,0.09824250442243807
bert-SVC,bert_num-RandomForest,0.7151515151515152,0.7545454545454545,-0.039393939393939315,660,34,60,34.0,0.009547810466077417
bert-SVC,bert_num-SVC,0.7151515151515152,0.75,-0.034848484848484795,660,52,75,52.0,0.05048700598597209
bert-SVC,tfidf-DecisionTree,0.7151515151515152,0.5681818181818182,0.14696969696969697,660,185,88,88.0,4.330339464396633e-09
bert-SVC,tfidf-GradientBoosting,0.7151515151515152,0.5878787878787879,0.12727272727272732,660,168,84,84.0,1.3208024544750338e-07
bert-SVC,tfidf-KNeighbors,0.7151515151515152,0.5484848484848485,0.16666666666666674,660,202,92,92.0,1.2608880576297594e-10
bert-SVC,tfidf-LightGBM,0.7151515151515152,0.5636363636363636,0.1515151515151516,660,194,94,94.0,3.817346583337488e-09
bert-SVC,tfidf-LogisticRegression,0.7151515151515152,0.6045454545454545,0.11060606060606071,660,143,70,70.0,6.345969631469265e-07
bert-SVC,tfidf-MultinomialNB,0.7151515151515152,0.5984848484848485,0.1166666666666667,660,166,89,89.0,1.6339753866497687e-06
bert-SVC,tfidf-RandomForest,0.7151515151515152,0.5909090909090909,0.12424242424242427,660,163,81,81.0,1.6652921547950089e-07
bert-SVC,tfidf-SVC,0.7151515151515152,0.5803030303030303,0.13484848484848488,660,149,60,60.0,6.379464580886869e-10
bert-SVC,tfidf-XGBoost,0.7151515151515152,0.5727272727272728,0.14242424242424245,660,176,82,82.0,4.804415111990411e-09
bert-XGBoost,bert_llm-LogisticRegression,0.7151515151515152,0.7636363636363637,-0.048484848484848464,660,39,71,39.0,0.0029436388593452032
bert-XGBoost,bert_llm-RandomForest,0.7151515151515152,0.7212121212121212,-0.006060606060605989,660,43,47,43.0,0.7520332015985951
bert-XGBoost,bert_llm-SVC,0.7151515151515152,0.740909090909091,-0.025757575757575757,660,48,65,48.0,0.13192429082426066
bert-XGBoost,bert_meta-LogisticRegression,0.7151515151515152,0.759090909090909,-0.043939393939393834,660,59,88,59.0,0.020605148179177857
bert-XGBoost,bert_meta-RandomForest,0.7151515151515152,0.7515151515151515,-0.036363636363636265,660,35,59,35.0,0.017209595585930455
bert-XGBoost,bert_meta-SVC,0.7151515151515152,0.7348484848484849,-0.019696969696969657,660,79,92,79.0,0.35883421580084396
bert-XGBoost,bert_num-LogisticRegression,0.7151515151515152,0.7424242424242424,-0.027272727272727226,660,68,86,68.0,0.1705165486081879
bert-XGBoost,bert_num-RandomForest,0.7151515151515152,0.7545454545454545,-0.039393939393939315,660,41,67,41.0,0.01574929114912747
bert-XGBoost,bert_num-SVC,0.7151515151515152,0.75,-0.034848484848484795,660,60,83,60.0,0.0654308104824482
bert-XGBoost,tfidf-DecisionTree,0.7151515151515152,0.5681818181818182,0.14696969696969697,660,191,94,94.0,9.4162823809704e-09
bert-XGBoost,tfidf-GradientBoosting,0.7151515151515152,0.5878787878787879,0.12727272727272732,660,172,88,88.0,2.0901058907830254e-07
bert-XGBoost,tfidf-KNeighbors,0.7151515151515152,0.5484848484848485,0.16666666666666674,660,188,78,78.0,1.195871411586042e-11
bert-XGBoost,tfidf-LightGBM,0.7151515151515152,0.5636363636363636,0.1515151515151516,660,194,94,94.0,3.817346583337488e-09
bert-XGBoost,tfidf-LogisticRegression,0.7151515151515152,0.6045454545454545,0.11060606060606071,660,138,65,65.0,3.276871302500475e-07
bert-XGBoost,tfidf-MultinomialNB,0.7151515151515152,0.5984848484848485,0.1166666666666667,660,152,75,75.0,3.552236407936869e-07
bert-XGBoost,tfidf-RandomForest,0.7151515151515152,0.5909090909090909,0.12424242424242427,660,163,81,81.0,1.6652921547950089e-07
bert-XGBoost,tfidf-SVC,0.7151515151515152,0.5803030303030303,0.13484848484848488,660,148,59,59.0,5.213711584747717e-10
bert-XGBoost,tfidf-XGBoost,0.7151515151515152,0.5727272727272728,0.14242424242424245,660,182,88,88.0,1.0875055935276331e-08
bert_llm-LogisticRegression,bert_llm-RandomForest,0.7636363636363637,0.7212121212121212,0.042424242424242475,660,51,23,23.0,0.0015162236642818601
bert_llm-LogisticRegression,bert_llm-SVC,0.7636363636363637,0.740909090909091,0.022727272727272707,660,32,17,17.0,0.04438416098714981
bert_llm-LogisticRegression,bert_meta-LogisticRegression,0.7636363636363637,0.759090909090909,0.00454545454545463,660,58,55,55.0,0.8508699225134507
bert_llm-LogisticRegression,bert_meta-RandomForest,0.7636363636363637,0.7515151515151515,0.0121212121212122,660,42,34,34.0,0.42219110499231566
bert_llm-LogisticRegression,bert_meta-SVC,0.7636363636363637,0.7348484848484849,0.028787878787878807,660,81,62,62.0,0.13197859831859404
bert_llm-LogisticRegression,bert_num-LogisticRegression,0.7636363636363637,0.7424242424242424,0.021212121212121238,660,68,54,54.0,0.2390888124769145
bert_llm-LogisticRegression,bert_num-RandomForest,0.7636363636363637,0.7545454545454545,0.00909090909090915,660,52,46,46.0,0.6137344676301394
bert_llm-LogisticRegression,bert_num-SVC,0.7636363636363637,0.75,0.013636363636363669,660,69,60,60.0,0.48135410525756556
bert_llm-LogisticRegression,tfidf-DecisionTree,0.7636363636363637,0.5681818181818182,0.19545454545454544,660,191,62,62.0,1.8060795011874715e-16
bert_llm-LogisticRegression,tfidf-GradientBoosting,0.7636363636363637,0.5878787878787879,0.17575757575757578,660,174,58,58.0,1.1868392628617136e-14
bert_llm-LogisticRegression,tfidf-KNeighbors,0.7636363636363637,0.5484848484848485,0.2151515151515152,660,214,72,72.0,1.5865785106028727e-17
bert_llm-LogisticRegression,tfidf-LightGBM,0.7636363636363637,0.5636363636363636,0.20000000000000007,660,208,76,76.0,2.3625379354177984e-15
bert_llm-LogisticRegression,tfidf-LogisticRegression,0.7636363636363637,0.6045454545454545,0.15909090909090917,660,157,52,52.0,1.9186860642171651e-13
bert_llm-LogisticRegression,tfidf-MultinomialNB,0.7636363636363637,0.5984848484848485,0.16515151515151516,660,175,66,66.0,1.440134613645154e-12
bert_llm-LogisticRegression,tfidf-RandomForest,0.7636363636363637,0.5909090909090909,0.17272727272727273,660,175,61,61.0,6.069936858304286e-14
bert_llm-LogisticRegression,tfidf-SVC,0.7636363636363637,0.5803030303030303,0.18333333333333335,660,169,48,48.0,5.407404094278968e-17
bert_llm-LogisticRegression,tfidf-XGBoost,0.7636363636363637,0.5727272727272728,0.19090909090909092,660,196,70,70.0,5.4807585462699554e-15
bert_llm-RandomForest,bert_llm-SVC,0.7212121212121212,0.740909090909091,-0.01969696969696977,660,29,42,29.0,0.1539127693264563
bert_llm-RandomForest,bert_meta-LogisticRegression,0.7212121212121212,0.759090909090909,-0.037878787878787845,660,60,85,60.0,0.04587706851008294
bert_llm-RandomForest,bert_meta-RandomForest,0.7212121212121212,0.7515151515151515,-0.030303030303030276,660,18,38,18.0,0.01045481832189218
bert_llm-RandomForest,bert_meta-SVC,0.7212121212121212,0.7348484848484849,-0.013636363636363669,660,80,89,80.0,0.5384269657196173
bert_llm-RandomForest,bert_num-LogisticRegression,0.7212121212121212,0.7424242424242424,-0.021212121212121238,660,56,70,56.0,0.2467062471894175
bert_llm-RandomForest,bert_num-RandomForest,0.7212121212121212,0.7545454545454545,-0.033333333333333326,660,26,48,26.0,0.014079981429530049
bert_llm-RandomForest,bert_num-SVC,0.7212121212121212,0.75,-0.028787878787878807,660,62,81,62.0,0.13197859831859404
bert_llm-RandomForest,tfidf-DecisionTree,0.7212121212121212,0.5681818181818182,0.15303030303030296,660,189,88,88.0,1.2393650421409122e-09
bert_llm-RandomForest,tfidf-GradientBoosting,0.7212121212121212,0.5878787878787879,0.1333333333333333,660,168,80,80.0,2.3789680477987204e-08
bert_llm-RandomForest,tfidf-KNeighbors,0.7212121212121212,0.5484848484848485,0.17272727272727273,660,204,90,90.0,2.4870204331835027e-11
bert_llm-RandomForest,tfidf-LightGBM,0.7212121212121212,0.5636363636363636,0.1575757575757576,660,204,100,100.0,2.4498419123218438e-09
bert_llm-RandomForest,tfidf-LogisticRegression,0.7212121212121212,0.6045454545454545,0.1166666666666667,660,148,71,71.0,2.1314655424200562e-07
bert_llm-RandomForest,tfidf-MultinomialNB,0.7212121212121212,0.5984848484848485,0.12272727272727268,660,167,86,86.0,3.9502409229401146e-07
bert_llm-RandomForest,tfidf-RandomForest,0.7212121212121212,0.5909090909090909,0.13030303030303025,660,169,83,83.0,6.458061346098719e-08
bert_llm-RandomForest,tfidf-SVC,0.7212121212121212,0.5803030303030303,0.14090909090909087,660,160,67,67.0,5.90792490557147e-10
bert_llm-RandomForest,tfidf-XGBoost,0.7212121212121212,0.5727272727272728,0.14848484848484844,660,191,93,93.0,6.1513977728202705e-09
bert_llm-SVC,bert_meta-LogisticRegression,0.740909090909091,0.759090909090909,-0.018181818181818077,660,60,72,60.0,0.3383802389398241
bert_llm-SVC,bert_meta-RandomForest,0.740909090909091,0.7515151515151515,-0.010606060606060508,660,33,40,33.0,0.48278855684402133
bert_llm-SVC,bert_meta-SVC,0.740909090909091,0.7348484848484849,0.0060606060606061,660,79,75,75.0,0.809072685188861
bert_llm-SVC,bert_num-LogisticRegression,0.740909090909091,0.7424242424242424,-0.0015151515151514694,660,56,57,56.0,0.9999999999999998
bert_llm-SVC,bert_num-RandomForest,0.740909090909091,0.7545454545454545,-0.013636363636363558,660,44,53,44.0,0.41677484108909907
bert_llm-SVC,bert_num-SVC,0.740909090909091,0.75,-0.009090909090909038,660,65,71,65.0,0.6682658523131815
bert_llm-SVC,tfidf-DecisionTree,0.740909090909091,0.5681818181818182,0.17272727272727273,660,185,71,71.0,6.78696447638957e-13
bert_llm-SVC,tfidf-GradientBoosting,0.740909090909091,0.5878787878787879,0.15303030303030307,660,166,65,65.0,2.271461779147518e-11
bert_llm-SVC,tfidf-KNeighbors,0.740909090909091,0.5484848484848485,0.1924242424242425,660,214,87,87.0,1.6584368534686874e-13
bert_llm-SVC,tfidf-LightGBM,0.740909090909091,0.5636363636363636,0.17727272727272736,660,203,86,86.0,4.553025690299564e-12
bert_llm-SVC,tfidf-LogisticRegression,0.740909090909091,0.6045454545454545,0.13636363636363646,660,149,59,59.0,3.624048408194535e-10
bert_llm-SVC,tfidf-MultinomialNB,0.740909090909091,0.5984848484848485,0.14242424242424245,660,176,82,82.0,4.804415111990411e-09
bert_llm-SVC,tfidf-RandomForest,0.740909090909091,0.5909090909090909,0.15000000000000002,660,168,69,69.0,1.0453694987302299e-10
bert_llm-SVC,tfidf-SVC,0.740909090909091,0.5803030303030303,0.16060606060606064,660,160,54,54.0,2.2525348393063452e-13
bert_llm-SVC,tfidf-XGBoost,0.740909090909091,0.5727272727272728,0.1681818181818182,660,188,77,77.0,6.9526978564789285e-12
bert_meta-LogisticRegression,bert_meta-RandomForest,0.759090909090909,0.7515151515151515,0.007575757575757569,660,72,67,67.0,0.7345393172729975
bert_meta-LogisticRegression,bert_meta-SVC,0.759090909090909,0.7348484848484849,0.024242424242424176,660,35,19,19.0,0.04022356409571669
bert_meta-LogisticRegression,bert_num-LogisticRegression,0.759090909090909,0.7424242424242424,0.016666666666666607,660,81,70,70.0,0.4158554937643102
bert_meta-LogisticRegression,bert_num-RandomForest,0.759090909090909,0.7545454545454545,0.004545454545454519,660,67,64,64.0,0.861368931051156
bert_meta-LogisticRegression,bert_num-SVC,0.759090909090909,0.75,0.009090909090909038,660,42,36,36.0,0.5715867180030723
bert_meta-LogisticRegression,tfidf-DecisionTree,0.759090909090909,0.5681818181818182,0.1909090909090908,660,197,71,71.0,7.0446751914416086e-15
bert_meta-LogisticRegression,tfidf-GradientBoosting,0.759090909090909,0.5878787878787879,0.17121212121212115,660,189,76,76.0,2.7987694710350017e-12
bert_meta-LogisticRegression,tfidf-KNeighbors,0.759090909090909,0.5484848484848485,0.21060606060606057,660,209,70,70.0,3.0509039933743174e-17
bert_meta-LogisticRegression,tfidf-LightGBM,0.759090909090909,0.5636363636363636,0.19545454545454544,660,198,69,69.0,1.2962574328862621e-15
bert_meta-LogisticRegression,tfidf-LogisticRegression,0.759090909090909,0.6045454545454545,0.15454545454545454,660,163,61,61.0,6.4499463719059284e-12
bert_meta-LogisticRegression,tfidf-MultinomialNB,0.759090909090909,0.5984848484848485,0.16060606060606053,660,169,63,63.0,2.2456642388684305e-12
bert_meta-LogisticRegression,tfidf-RandomForest,0.759090909090909,0.5909090909090909,0.1681818181818181,660,178,67,67.0,8.508593342454905e-13
bert_meta-LogisticRegression,tfidf-SVC,0.759090909090909,0.5803030303030303,0.17878787878787872,660,177,59,59.0,6.974381412436139e-15
bert_meta-LogisticRegression,tfidf-XGBoost,0.759090909090909,0.5727272727272728,0.1863636363636363,660,196,73,73.0,3.6171315873307495e-14
bert_meta-RandomForest,bert_meta-SVC,0.7515151515151515,0.7348484848484849,0.016666666666666607,660,90,79,79.0,0.44185016848818287
bert_meta-RandomForest,bert_num-LogisticRegression,0.7515151515151515,0.7424242424242424,0.009090909090909038,660,52,46,46.0,0.6137344676301394
bert_meta-RandomForest,bert_num-RandomForest,0.7515151515151515,0.7545454545454545,-0.00303030303030305,660,26,28,26.0,0.8919231511047488
bert_meta-RandomForest,bert_num-SVC,0.7515151515151515,0.75,0.0015151515151514694,660,68,67,67.0,0.9999999999999998
bert_meta-RandomForest,tfidf-DecisionTree,0.7515151515151515,0.5681818181818182,0.18333333333333324,660,198,77,77.0,1.8740543311427478e-13
bert_meta-RandomForest,tfidf-GradientBoosting,0.7515151515151515,0.5878787878787879,0.16363636363636358,660,182,74,74.0,1.1269613933588157e-11
bert_meta-RandomForest,tfidf-KNeighbors,0.7515151515151515,0.5484848484848485,0.203030303030303,660,221,87,87.0,1.3322099223774476e-14
bert_meta-RandomForest,tfidf-LightGBM,0.7515151515151515,0.5636363636363636,0.18787878787878787,660,217,93,93.0,1.4285858699422994e-12
bert_meta-RandomForest,tfidf-LogisticRegression,0.7515151515151515,0.6045454545454545,0.14696969696969697,660,162,65,65.0,9.738106249434307e-11
bert_meta-RandomForest,tfidf-MultinomialNB,0.7515151515151515,0.5984848484848485,0.15303030303030296,660,178,77,77.0,2.2218413059372653e-10
bert_meta-RandomForest,tfidf-RandomForest,0.7515151515151515,0.5909090909090909,0.16060606060606053,660,181,75,75.0,2.7693821434774685e-11
bert_meta-RandomForest,tfidf-SVC,0.7515151515151515,0.5803030303030303,0.17121212121212115,660,173,60,60.0,6.931491432338526e-14
bert_meta-RandomForest,tfidf-XGBoost,0.7515151515151515,0.5727272727272728,0.17878787878787872,660,199,81,81.0,1.2598593589333865e-12
bert_meta-SVC,bert_num-LogisticRegression,0.7348484848484849,0.7424242424242424,-0.007575757575757569,660,82,87,82.0,0.7584219886210961
bert_meta-SVC,bert_num-RandomForest,0.7348484848484849,0.7545454545454545,-0.019696969696969657,660,74,87,74.0,0.34431351459658904
bert_meta-SVC,bert_num-SVC,0.7348484848484849,0.75,-0.015151515151515138,660,43,53,43.0,0.3583976321916263
bert_meta-SVC,tfidf-DecisionTree,0.7348484848484849,0.5681818181818182,0.16666666666666663,660,190,80,80.0,1.7292505617191403e-11
bert_meta-SVC,tfidf-GradientBoosting,0.7348484848484849,0.5878787878787879,0.14696969696969697,660,184,87,87.0,3.777753059699892e-09
bert_meta-SVC,tfidf-KNeighbors,0.7348484848484849,0.5484848484848485,0.1863636363636364,660,195,72,72.0,2.857250911777786e-14
bert_meta-SVC,tfidf-LightGBM,0.7348484848484849,0.5636363636363636,0.17121212121212126,660,188,75,75.0,2.2867128901877414e-12
bert_meta-SVC,tfidf-LogisticRegression,0.7348484848484849,0.6045454545454545,0.13030303030303036,660,157,71,71.0,1.227816506498805e-08
bert_meta-SVC,tfidf-MultinomialNB,0.7348484848484849,0.5984848484848485,0.13636363636363635,660,163,73,73.0,4.5262674816896015e-09
bert_meta-SVC,tfidf-RandomForest,0.7348484848484849,0.5909090909090909,0.14393939393939392,660,172,77,77.0,1.6438692472951134e-09
bert_meta-SVC,tfidf-SVC,0.7348484848484849,0.5803030303030303,0.15454545454545454,660,167,65,65.0,1.5720792761370947e-11
bert_meta-SVC,tfidf-XGBoost,0.7348484848484849,0.5727272727272728,0.1621212121212121,660,188,81,81.0,5.771686815765509e-11
bert_num-LogisticRegression,bert_num-RandomForest,0.7424242424242424,0.7545454545454545,-0.012121212121212088,660,40,48,40.0,0.45574127943791265
bert_num-LogisticRegression,bert_num-SVC,0.7424242424242424,0.75,-0.007575757575757569,660,56,61,56.0,0.7117032769279409
bert_num-LogisticRegression,tfidf-DecisionTree,0.7424242424242424,0.5681818181818182,0.1742424242424242,660,196,81,81.0,3.638586317533203e-12
bert_num-LogisticRegression,tfidf-GradientBoosting,0.7424242424242424,0.5878787878787879,0.15454545454545454,660,181,79,79.0,2.2235446412415633e-10
bert_num-LogisticRegression,tfidf-KNeighbors,0.7424242424242424,0.5484848484848485,0.19393939393939397,660,225,97,97.0,7.346097198082964e-13
bert_num-LogisticRegression,tfidf-LightGBM,0.7424242424242424,0.5636363636363636,0.17878787878787883,660,215,97,97.0,2.0303468250477533e-11
bert_num-LogisticRegression,tfidf-LogisticRegression,0.7424242424242424,0.6045454545454545,0.13787878787878793,660,169,78,78.0,6.9905740215585356e-09
bert_num-LogisticRegression,tfidf-MultinomialNB,0.7424242424242424,0.5984848484848485,0.14393939393939392,660,188,93,93.0,1.510468532538476e-08
bert_num-LogisticRegression,tfidf-RandomForest,0.7424242424242424,0.5909090909090909,0.1515151515151515,660,186,86,86.0,1.2751838196902492e-09
bert_num-LogisticRegression,tfidf-SVC,0.7424242424242424,0.5803030303030303,0.1621212121212121,660,189,82,82.0,6.847543236318825e-11
bert_num-LogisticRegression,tfidf-XGBoost,0.7424242424242424,0.5727272727272728,0.16969696969696968,660,199,87,87.0,2.9551597002433076e-11
bert_num-RandomForest,bert_num-SVC,0.7545454545454545,0.75,0.004545454545454519,660,62,59,59.0,0.8558215992110791
bert_num-RandomForest,tfidf-DecisionTree,0.7545454545454545,0.5681818181818182,0.1863636363636363,660,198,75,75.0,5.730418991081897e-14
bert_num-RandomForest,tfidf-GradientBoosting,0.7545454545454545,0.5878787878787879,0.16666666666666663,660,182,72,72.0,3.665115285865296e-12
bert_num-RandomForest,tfidf-KNeighbors,0.7545454545454545,0.5484848484848485,0.20606060606060606,660,220,84,84.0,3.3316058176632935e-15
bert_num-RandomForest,tfidf-LightGBM,0.7545454545454545,0.5636363636363636,0.19090909090909092,660,208,82,82.0,8.64834044044199e-14
bert_num-RandomForest,tfidf-LogisticRegression,0.7545454545454545,0.6045454545454545,0.15000000000000002,660,160,61,61.0,1.9993162553571277e-11
bert_num-RandomForest,tfidf-MultinomialNB,0.7545454545454545,0.5984848484848485,0.156060606060606,660,178,75,75.0,7.880679174612287e-11
bert_num-RandomForest,tfidf-RandomForest,0.7545454545454545,0.5909090909090909,0.16363636363636358,660,179,71,71.0,6.168468113620441e-12
bert_num-RandomForest,tfidf-SVC,0.7545454545454545,0.5803030303030303,0.1742424242424242,660,176,61,61.0,4.075085013994904e-14
bert_num-RandomForest,tfidf-XGBoost,0.7545454545454545,0.5727272727272728,0.18181818181818177,660,195,75,75.0,1.757338221011625e-13
bert_num-SVC,tfidf-DecisionTree,0.75,0.5681818181818182,0.18181818181818177,660,199,79,79.0,4.113018082591306e-13
bert_num-SVC,tfidf-GradientBoosting,0.75,0.5878787878787879,0.1621212121212121,660,183,76,76.0,2.3525133863578333e-11
bert_num-SVC,tfidf-KNeighbors,0.75,0.5484848484848485,0.20151515151515154,660,207,74,74.0,9.768493853538822e-16
bert_num-SVC,tfidf-LightGBM,0.75,0.5636363636363636,0.1863636363636364,660,198,75,75.0,5.730418991081897e-14
bert_num-SVC,tfidf-LogisticRegression,0.75,0.6045454545454545,0.1454545454545455,660,160,64,64.0,1.1417744367003034e-10
bert_num-SVC,tfidf-MultinomialNB,0.75,0.5984848484848485,0.1515151515151515,660,176,76,76.0,2.6276492897173263e-10
bert_num-SVC,tfidf-RandomForest,0.75,0.5909090909090909,0.15909090909090906,660,177,72,72.0,2.219278283181231e-11
bert_num-SVC,tfidf-SVC,0.75,0.5803030303030303,0.16969696969696968,660,175,63,63.0,2.2291514355713297e-13
bert_num-SVC,tfidf-XGBoost,0.75,0.5727272727272728,0.17727272727272725,660,192,75,75.0,5.322727304954019e-13
tfidf-DecisionTree,tfidf-GradientBoosting,0.5681818181818182,0.5878787878787879,-0.019696969696969657,660,49,62,49.0,0.2546051230937944
tfidf-DecisionTree,tfidf-KNeighbors,0.5681818181818182,0.5484848484848485,0.01969696969696977,660,154,141,141.0,0.484823913401587
tfidf-DecisionTree,tfidf-LightGBM,0.5681818181818182,0.5636363636363636,0.00454545454545463,660,95,92,92.0,0.8837712369289781
tfidf-DecisionTree,tfidf-LogisticRegression,0.5681818181818182,0.6045454545454545,-0.036363636363636265,660,89,113,89.0,0.10537058996890188
tfidf-DecisionTree,tfidf-MultinomialNB,0.5681818181818182,0.5984848484848485,-0.030303030303030276,660,123,143,123.0,0.24398110770721337
tfidf-DecisionTree,tfidf-RandomForest,0.5681818181818182,0.5909090909090909,-0.022727272727272707,660,81,96,81.0,0.29263710818803007
tfidf-DecisionTree,tfidf-SVC,0.5681818181818182,0.5803030303030303,-0.012121212121212088,660,126,134,126.0,0.6642827233072028
tfidf-DecisionTree,tfidf-XGBoost,0.5681818181818182,0.5727272727272728,-0.004545454545454519,660,79,82,79.0,0.8748178672015418
tfidf-GradientBoosting,tfidf-KNeighbors,0.5878787878787879,0.5484848484848485,0.039393939393939426,660,149,123,123.0,0.12940554265603332
tfidf-GradientBoosting,tfidf-LightGBM,0.5878787878787879,0.5636363636363636,0.024242424242424288,660,100,84,84.0,0.26875982532444004
tfidf-GradientBoosting,tfidf-LogisticRegression,0.5878787878787879,0.6045454545454545,-0.016666666666666607,660,77,88,77.0,0.43636822805371356
tfidf-GradientBoosting,tfidf-MultinomialNB,0.5878787878787879,0.5984848484848485,-0.010606060606060619,660,116,123,116.0,0.698021972125796
tfidf-GradientBoosting,tfidf-RandomForest,0.5878787878787879,0.5909090909090909,-0.00303030303030305,660,64,66,64.0,0.9301553393082165
tfidf-GradientBoosting,tfidf-SVC,0.5878787878787879,0.5803030303030303,0.007575757575757569,660,120,115,115.0,0.794212476445464
tfidf-GradientBoosting,tfidf-XGBoost,0.5878787878787879,0.5727272727272728,0.015151515151515138,660,77,67,67.0,0.4533716994309742
tfidf-KNeighbors,tfidf-LightGBM,0.5484848484848485,0.5636363636363636,-0.015151515151515138,660,117,127,117.0,0.5645926559195692
tfidf-KNeighbors,tfidf-LogisticRegression,0.5484848484848485,0.6045454545454545,-0.05606060606060603,660,73,110,73.0,0.007615282152829209
tfidf-KNeighbors,tfidf-MultinomialNB,0.5484848484848485,0.5984848484848485,-0.050000000000000044,660,74,107,74.0,0.017139795178384837
tfidf-KNeighbors,tfidf-RandomForest,0.5484848484848485,0.5909090909090909,-0.042424242424242475,660,98,126,98.0,0.07099158684192663
tfidf-KNeighbors,tfidf-SVC,0.5484848484848485,0.5803030303030303,-0.03181818181818186,660,87,108,87.0,0.15189443947042966
tfidf-KNeighbors,tfidf-XGBoost,0.5484848484848485,0.5727272727272728,-0.024242424242424288,660,123,139,123.0,0.35410312550004547
tfidf-LightGBM,tfidf-LogisticRegression,0.5636363636363636,0.6045454545454545,-0.040909090909090895,660,79,106,79.0,0.05563867923365754
tfidf-LightGBM,tfidf-MultinomialNB,0.5636363636363636,0.5984848484848485,-0.034848484848484906,660,108,131,108.0,0.15457114715373294
tfidf-LightGBM,tfidf-RandomForest,0.5636363636363636,0.5909090909090909,-0.027272727272727337,660,60,78,60.0,0.14759186416886094
tfidf-LightGBM,tfidf-SVC,0.5636363636363636,0.5803030303030303,-0.01666666666666672,660,112,123,112.0,0.5142761917350679
tfidf-LightGBM,tfidf-XGBoost,0.5636363636363636,0.5727272727272728,-0.00909090909090915,660,41,47,41.0,0.5942882951469404
tfidf-LogisticRegression,tfidf-MultinomialNB,0.6045454545454545,0.5984848484848485,0.006060606060605989,660,57,53,53.0,0.7750029828306242
tfidf-LogisticRegression,tfidf-RandomForest,0.6045454545454545,0.5909090909090909,0.013636363636363558,660,59,50,50.0,0.44366950120234844
tfidf-LogisticRegression,tfidf-SVC,0.6045454545454545,0.5803030303030303,0.024242424242424176,660,63,47,47.0,0.15233780606025268
tfidf-LogisticRegression,tfidf-XGBoost,0.6045454545454545,0.5727272727272728,0.031818181818181746,660,96,75,75.0,0.1259087711876438
tfidf-MultinomialNB,tfidf-RandomForest,0.5984848484848485,0.5909090909090909,0.007575757575757569,660,101,96,96.0,0.7757387167068797
tfidf-MultinomialNB,tfidf-SVC,0.5984848484848485,0.5803030303030303,0.018181818181818188,660,98,86,86.0,0.41747929168161463
tfidf-MultinomialNB,tfidf-XGBoost,0.5984848484848485,0.5727272727272728,0.025757575757575757,660,133,116,116.0,0.31059869803371554
tfidf-RandomForest,tfidf-SVC,0.5909090909090909,0.5803030303030303,0.010606060606060619,660,97,90,90.0,0.6609484635151922
tfidf-RandomForest,tfidf-XGBoost,0.5909090909090909,0.5727272727272728,0.018181818181818188,660,63,51,51.0,0.3028775526303242
tfidf-SVC,tfidf-XGBoost,0.5803030303030303,0.5727272727272728,0.007575757575757569,660,121,116,116.0,0.7950626579516741
